kick	E:\samples\Kampfer Audio Psytrance Kicks 2\05 BD Ka╠êmpfer - Sun F.wav	Kampfer Audio Psytrance Kicks 2	05 BD Ka╠êmpfer - Sun F
kick	E:\samples\Kampfer Audio Psytrance Kicks 2\55 BD Ka╠êmpfer - Chayanova F.wav	Kampfer Audio Psytrance Kicks 2	55 BD Ka╠êmpfer - Chayanova F
bass	E:\samples\KICK-ASS PsyTrance Kicks\ONE-SHOTS F\BASS_One-Shot01.wav	KICK-ASS PsyTrance Kicks	BASS_One-Shot01
bass	E:\samples\Avalon Psytrance Sample Pack\25 Bass Loop\Avalon_Bass_Loop_140bpm_ 17_F.wav	Avalon Psytrance Sample Pack	Avalon_Bass_Loop_140bpm_ 17_F
bass	E:\samples\Function Loops EDM x Psytrance\FL_EDMPSY_Bass_Loops\FL_EDMPSY_Bass_Loop_Synth_Accents_F_140.wav	Function Loops EDM x Psytrance	FL_EDMPSY_Bass_Loop_Synth_Accents_F_140
lead	E:\samples\FLOW36 Psytrance Sample pack Loops 2025\145 BPM_Riff_F_16.wav	FLOW36 Psytrance Sample pack Loops 2025	145 BPM_Riff_F_16
lead	E:\samples\Psytrance Elements by Inside Mind Vol.2\Elements\ARP Crush - Fmin 145.wav	Psytrance Elements by Inside Mind Vol.2	ARP Crush - Fmin 145
lead	E:\samples\Function Loops - Free Psytrance Samples - June 21\FL_Psytrance Kit_D#_145\FL_PST_Kit03_145_Stems_D#\FL_PST_Kit03_145_Synth_Stem_Main_Lead_Extra_Layer_Drop.wav	Function Loops - Free Psytrance Samples - June 21	FL_PST_Kit03_145_Synth_Stem_Main_Lead_Extra_Layer_Drop
lead	E:\samples\Function Loops - Free Psytrance Samples - June 21\FL_Psytrance FX\SHARP_PAL_138_Fx_Loop_6.wav	Function Loops - Free Psytrance Samples - June 21	SHARP_PAL_138_Fx_Loop_6
hat	E:\samples\Ascend Psytrance Sample Pack\20 Hihat loop\Ascend Hihat Loop 15.wav	Ascend Psytrance Sample Pack	Ascend Hihat Loop 15
hat	E:\samples\Avalon Psytrance Sample Pack\20 Perc Loop\Avalon - Perc Loop_140BPM  18.wav	Avalon Psytrance Sample Pack	Avalon - Perc Loop_140BPM  18
hat	E:\samples\Batuhan Pehlivan Psytrance Fundamentals Sample Library\Crash\76 Batuhan Pehlivan - Crash_8.wav	Batuhan Pehlivan Psytrance Fundamentals Sample Library	76 Batuhan Pehlivan - Crash_8
pad	E:\samples\Prism - Psytrance - Zenhiser\PRISMPSY - Individual - Synth Loop\033 Synth Loop 145bpm F - PRISMPSY Zenhiser.wav	Prism - Psytrance - Zenhiser	033 Synth Loop 145bpm F - PRISMPSY Zenhiser
pad	E:\samples\Antinomy Psytrance Sounds\APTS - 010 Grid Lines\APTS - 002 - Grid Lines - 142 BPM - F\APTS - 005 - Grid Fm Resonance (Dry) - 142 BPM - F  .wav	Antinomy Psytrance Sounds	APTS - 005 - Grid Fm Resonance (Dry) - 142 BPM - F  
pad	E:\samples\Prism - Psytrance - Zenhiser\PRISMPSY - FX - Synth\014 Synth FX 145bpm F - PRISMPSY Zenhiser.wav	Prism - Psytrance - Zenhiser	014 Synth FX 145bpm F - PRISMPSY Zenhiser
